<?xml version="1.0" encoding="UTF-8"?><idempiere Name="2Pack_1.0.9" Version="1.0.9" idempiereVersion="" DataBaseVersion="" Description="" Author="" AuthorEmail="arodriguez@frontuari.net" CreatedDate="2021-01-15 16:33:26.338" UpdatedDate="2021-01-15 16:33:26.338" PackOutVersion="100" UpdateDictionary="false" Client="0-SYSTEM-System" AD_Client_UU="11237b53-9592-4af1-b3c5-afd216514b5d">
    <SQLMandatory type="custom">
        <DBType>Postgres</DBType>
        <statement>
            <![CDATA[update ad_column set columnsql = '(SELECT BomQtyOnHandASIByLocator(M_ProductionLine.M_Product_ID, 0, M_ProductionLine.M_Locator_ID)
 	+ M_ProductionLine.MovementQty)'
where ad_column_uu = 'b786c056-d65e-41af-9604-e30eb5e67609';]]>
        </statement>
    </SQLMandatory>
    <SQLMandatory type="custom">
        <DBType>Postgres</DBType>
        <statement>
            <![CDATA[update ad_column set ad_reference_id = 30, ad_reference_value_id = 191
where ad_column_uu = 'c07194e6-30e0-4ffe-a7d1-471cfbfe9897';]]>
        </statement>
    </SQLMandatory>
</idempiere>
